{
  "image_size_after_crop": {
    "width": 924,
    "height": 924
  },
  "pattern_size_inner_corners": {
    "x": 5,
    "y": 3
  },
  "square_size_mm": 2.0,
  "crop_pixels": {
    "left": 763,
    "right": 233,
    "top": 78,
    "bottom": 78
  },
  "K": [
    [
      870.7642141449198,
      0.0,
      386.98873045756136
    ],
    [
      0.0,
      876.787018860571,
      491.08567174134566
    ],
    [
      0.0,
      0.0,
      1.0
    ]
  ],
  "dist": [
    -0.4579917589546138,
    0.4338544110382563,
    0.005084368973259658,
    0.006743958067575517,
    -0.34430691536395336
  ],
  "rms": 1.0413525682908071,
  "mean_reproj_error_px": 1.041352356087852,
  "num_images_used": 10
}